id,name,department,salary,join_date
1,Employee_1,Support,56537,2025-10-24
2,Employee_2,Finance,50095,2025-01-04
3,Employee_3,Finance,48665,2025-03-14
4,Employee_4,IT,119336,2025-03-28
5,Employee_5,Sales,113966,2025-03-02
6,Employee_6,HR,50791,2025-12-13
7,Employee_7,Sales,113834,2026-05-07
8,Employee_8,Finance,93433,2026-01-19
9,Employee_9,HR,43979,2026-01-13
10,Employee_10,Finance,113749,2026-02-27
11,Employee_11,Sales,44707,2026-03-07
12,Employee_12,HR,60659,2025-04-01
13,Employee_13,Support,103848,2026-03-22
14,Employee_14,Support,75467,2026-01-28
15,Employee_15,Finance,44847,2025-12-30
16,Employee_16,Finance,52423,2025-11-28
17,Employee_17,Finance,25275,2026-04-24
18,Employee_18,Sales,80018,2025-06-06
19,Employee_19,Sales,62372,2025-02-04
20,Employee_20,Sales,87330,2025-07-19
21,Employee_21,HR,32825,2025-12-08
22,Employee_22,Sales,75889,2026-05-14
23,Employee_23,Sales,35116,2025-06-07
24,Employee_24,HR,34252,2026-03-26
25,Employee_25,Support,36942,2026-04-15
26,Employee_26,Sales,47388,2026-01-15
27,Employee_27,Sales,118793,2025-01-16
28,Employee_28,IT,119655,2025-08-17
29,Employee_29,Finance,51659,2025-06-19
30,Employee_30,Sales,62452,2026-04-16
31,Employee_31,Finance,71871,2025-11-04
32,Employee_32,Support,119339,2025-09-17
33,Employee_33,Finance,100463,2025-07-10
34,Employee_34,Finance,80679,2025-08-05
35,Employee_35,HR,44561,2025-11-16
36,Employee_36,IT,119245,2025-01-30
37,Employee_37,Sales,94508,2025-05-07
38,Employee_38,IT,55085,2025-06-07
39,Employee_39,HR,51534,2025-07-02
40,Employee_40,HR,34805,2026-01-12
41,Employee_41,Support,56069,2026-02-17
42,Employee_42,Support,61537,2025-12-10
43,Employee_43,Finance,46612,2025-11-17
44,Employee_44,IT,64484,2025-01-23
45,Employee_45,Support,66686,2025-02-23
46,Employee_46,IT,46114,2025-08-30
47,Employee_47,Support,66147,2025-10-20
48,Employee_48,Support,92435,2025-02-17
49,Employee_49,Finance,26541,2025-10-14
50,Employee_50,Support,72831,2025-03-10
51,Employee_51,Sales,95653,2025-02-10
52,Employee_52,IT,84052,2026-03-18
53,Employee_53,Sales,51865,2025-11-23
54,Employee_54,IT,46182,2025-07-20
55,Employee_55,Support,51257,2026-05-01
56,Employee_56,IT,88262,2025-05-05
57,Employee_57,HR,76753,2026-02-24
58,Employee_58,HR,60060,2025-07-11
59,Employee_59,HR,31475,2025-03-07
60,Employee_60,Finance,57964,2025-09-12
61,Employee_61,HR,90768,2025-06-06
62,Employee_62,Support,96729,2025-10-20
63,Employee_63,IT,101761,2026-03-21
64,Employee_64,IT,60767,2026-05-08
65,Employee_65,Sales,78099,2026-03-01
66,Employee_66,HR,30589,2026-03-19
67,Employee_67,Sales,77966,2025-05-19
68,Employee_68,HR,35311,2025-11-27
69,Employee_69,Sales,113109,2025-07-04
70,Employee_70,Finance,103098,2025-01-25
71,Employee_71,HR,82476,2025-07-09
72,Employee_72,HR,55231,2026-05-02
73,Employee_73,IT,93609,2025-06-13
74,Employee_74,Sales,37232,2026-04-14
75,Employee_75,HR,76908,2025-02-20
76,Employee_76,HR,91852,2025-04-19
77,Employee_77,Finance,34662,2025-10-27
78,Employee_78,Support,50274,2025-02-28
79,Employee_79,Finance,71146,2025-11-27
80,Employee_80,Support,60708,2025-10-24
81,Employee_81,HR,27344,2025-10-26
82,Employee_82,IT,27684,2025-08-14
83,Employee_83,Finance,36407,2026-05-07
84,Employee_84,Support,103587,2025-06-13
85,Employee_85,IT,42294,2026-03-25
86,Employee_86,IT,93189,2025-09-07
87,Employee_87,Finance,100221,2025-03-14
88,Employee_88,Support,39315,2025-08-03
89,Employee_89,HR,74479,2025-01-09
90,Employee_90,Support,73848,2025-05-21
91,Employee_91,Support,25267,2025-11-13
92,Employee_92,Support,117438,2025-12-18
93,Employee_93,Sales,107115,2025-12-12
94,Employee_94,IT,84647,2025-10-15
95,Employee_95,IT,89805,2025-05-15
96,Employee_96,Support,112304,2025-11-14
97,Employee_97,Finance,69782,2025-12-02
98,Employee_98,IT,105547,2025-03-19
99,Employee_99,Support,87390,2025-08-17
100,Employee_100,IT,39456,2026-04-29
101,Employee_101,HR,47346,2025-11-17
102,Employee_102,Sales,93312,2025-03-20
103,Employee_103,Support,38322,2026-04-09
104,Employee_104,IT,100400,2025-10-30
105,Employee_105,Finance,106827,2025-10-22
106,Employee_106,Sales,60110,2026-01-30
107,Employee_107,HR,87300,2026-02-08
108,Employee_108,HR,78997,2026-02-20
109,Employee_109,Support,71263,2025-12-25
110,Employee_110,Support,60125,2025-03-03
111,Employee_111,Sales,92307,2025-03-12
112,Employee_112,HR,45810,2025-10-09
113,Employee_113,Finance,89623,2025-01-17
114,Employee_114,Sales,46000,2025-02-16
115,Employee_115,Finance,54063,2025-09-01
116,Employee_116,Sales,88796,2026-05-06
117,Employee_117,Support,41347,2026-05-14
118,Employee_118,Support,81389,2025-05-05
119,Employee_119,IT,63160,2026-01-23
120,Employee_120,Support,112665,2025-01-26
121,Employee_121,IT,46590,2025-06-28
122,Employee_122,HR,115052,2025-03-16
123,Employee_123,Support,80195,2025-09-24
124,Employee_124,HR,94108,2025-09-04
125,Employee_125,Support,106583,2025-02-14
126,Employee_126,IT,27884,2025-08-31
127,Employee_127,IT,98814,2025-04-20
128,Employee_128,HR,92217,2026-01-04
129,Employee_129,Sales,50751,2026-03-09
130,Employee_130,Support,55873,2025-12-06
131,Employee_131,Sales,96132,2026-04-11
132,Employee_132,IT,113727,2025-07-22
133,Employee_133,Sales,49686,2025-12-31
134,Employee_134,Sales,35179,2026-03-30
135,Employee_135,Finance,64503,2025-01-04
136,Employee_136,IT,26925,2025-07-27
137,Employee_137,Support,42768,2026-04-18
138,Employee_138,Finance,71329,2026-02-16
139,Employee_139,Support,66490,2025-07-08
140,Employee_140,IT,116056,2025-06-23
141,Employee_141,IT,25494,2025-10-11
142,Employee_142,HR,28383,2025-06-30
143,Employee_143,HR,79306,2025-01-13
144,Employee_144,Finance,84883,2025-04-24
145,Employee_145,Finance,44492,2026-05-14
146,Employee_146,Sales,28461,2026-04-30
147,Employee_147,Sales,87689,2026-04-30
148,Employee_148,HR,29589,2026-04-21
149,Employee_149,HR,98128,2025-04-17
150,Employee_150,IT,94362,2025-03-16
151,Employee_151,Finance,39765,2025-07-14
152,Employee_152,HR,87293,2026-02-23
153,Employee_153,Support,77649,2025-05-03
154,Employee_154,HR,67572,2025-08-17
155,Employee_155,Support,112698,2025-11-17
156,Employee_156,IT,33268,2026-01-03
157,Employee_157,IT,114577,2025-11-24
158,Employee_158,HR,114319,2026-03-09
159,Employee_159,Finance,79843,2025-05-01
160,Employee_160,Support,76541,2026-03-07
161,Employee_161,IT,61502,2025-06-25
162,Employee_162,Support,95992,2025-01-03
163,Employee_163,Sales,44799,2025-12-11
164,Employee_164,Sales,81143,2025-11-19
165,Employee_165,Sales,69006,2025-06-05
166,Employee_166,Support,60924,2026-02-12
167,Employee_167,HR,82745,2025-01-21
168,Employee_168,Support,110860,2025-09-02
169,Employee_169,Support,61319,2026-04-22
170,Employee_170,Sales,64747,2025-11-09
171,Employee_171,Finance,46989,2025-12-19
172,Employee_172,HR,100289,2025-03-13
173,Employee_173,HR,105632,2025-07-23
174,Employee_174,IT,58906,2026-03-04
175,Employee_175,HR,77083,2025-09-02
176,Employee_176,Support,45846,2026-02-12
177,Employee_177,Support,78179,2025-05-07
178,Employee_178,Support,69540,2026-01-26
179,Employee_179,Sales,77763,2025-05-25
180,Employee_180,Support,93409,2025-10-07
181,Employee_181,Finance,84899,2026-04-23
182,Employee_182,Sales,111637,2025-11-27
183,Employee_183,Finance,100329,2026-03-06
184,Employee_184,IT,109115,2025-03-21
185,Employee_185,HR,97455,2025-09-10
186,Employee_186,Finance,26940,2026-01-29
187,Employee_187,Support,114895,2025-08-03
188,Employee_188,Support,79827,2025-12-12
189,Employee_189,Support,37904,2026-02-03
190,Employee_190,Finance,26278,2025-06-01
191,Employee_191,HR,67333,2025-07-30
192,Employee_192,HR,44602,2026-04-06
193,Employee_193,Sales,83838,2026-03-07
194,Employee_194,IT,63699,2025-11-23
195,Employee_195,Sales,35666,2025-12-12
196,Employee_196,IT,53849,2026-02-05
197,Employee_197,Support,83061,2025-04-21
198,Employee_198,Support,69362,2026-03-09
199,Employee_199,Finance,92820,2025-04-25
200,Employee_200,Support,82287,2025-12-27
201,Employee_201,IT,88028,2026-03-21
202,Employee_202,IT,29199,2026-03-08
203,Employee_203,Finance,57982,2025-09-12
204,Employee_204,Support,48944,2026-04-30
205,Employee_205,Support,72485,2026-03-20
206,Employee_206,Support,82990,2025-02-20
207,Employee_207,HR,61637,2025-04-24
208,Employee_208,Support,39442,2026-04-05
209,Employee_209,Finance,41294,2026-04-27
210,Employee_210,Sales,73926,2026-03-18
211,Employee_211,HR,103370,2025-01-02
212,Employee_212,Finance,51882,2025-05-01
213,Employee_213,Finance,31061,2025-05-13
214,Employee_214,Support,75251,2025-10-19
215,Employee_215,Sales,76874,2025-03-17
216,Employee_216,Sales,72206,2025-01-02
217,Employee_217,Finance,95437,2025-09-17
218,Employee_218,Finance,70919,2025-01-30
219,Employee_219,Support,84330,2025-01-13
220,Employee_220,Support,66570,2026-03-02
221,Employee_221,Sales,113083,2026-02-12
222,Employee_222,IT,70140,2025-06-14
223,Employee_223,HR,81255,2025-05-11
224,Employee_224,HR,39909,2026-01-19
225,Employee_225,Finance,61717,2025-11-05
226,Employee_226,HR,80757,2025-10-23
227,Employee_227,Sales,102426,2025-10-29
228,Employee_228,Sales,100245,2025-09-27
229,Employee_229,IT,50173,2025-09-02
230,Employee_230,Finance,45887,2026-04-19
231,Employee_231,Finance,87231,2025-06-07
232,Employee_232,IT,86049,2026-01-09
233,Employee_233,Sales,77200,2025-09-09
234,Employee_234,Support,52145,2026-04-06
235,Employee_235,IT,102285,2026-05-01
236,Employee_236,HR,112534,2026-05-09
237,Employee_237,Finance,52364,2025-11-24
238,Employee_238,Finance,65234,2025-06-09
239,Employee_239,HR,35217,2025-07-25
240,Employee_240,Support,104640,2025-07-22
241,Employee_241,IT,56507,2025-10-18
242,Employee_242,IT,113731,2025-09-26
243,Employee_243,IT,108776,2025-08-31
244,Employee_244,Support,50114,2025-12-12
245,Employee_245,Finance,69176,2025-03-31
246,Employee_246,Sales,26776,2025-08-21
247,Employee_247,Finance,97177,2025-11-26
248,Employee_248,Finance,110807,2025-07-17
249,Employee_249,Sales,42249,2025-07-19
250,Employee_250,HR,65079,2026-03-15
251,Employee_251,HR,33561,2026-05-15
252,Employee_252,Support,92525,2025-08-29
253,Employee_253,Sales,61244,2025-03-03
254,Employee_254,Finance,81565,2026-04-17
255,Employee_255,IT,35206,2025-12-02
256,Employee_256,Finance,83160,2025-11-04
257,Employee_257,Finance,115866,2025-04-15
258,Employee_258,Finance,74220,2026-01-20
259,Employee_259,IT,112574,2025-01-26
260,Employee_260,HR,104656,2025-02-11
261,Employee_261,Finance,97632,2025-10-12
262,Employee_262,Finance,107740,2025-03-20
263,Employee_263,Support,106678,2025-09-26
264,Employee_264,Finance,37064,2026-02-12
265,Employee_265,IT,118967,2025-04-21
266,Employee_266,Sales,34689,2026-02-26
267,Employee_267,HR,47932,2025-10-03
268,Employee_268,Support,70243,2026-04-06
269,Employee_269,Sales,46326,2025-12-01
270,Employee_270,Finance,57244,2025-08-04
271,Employee_271,Support,72972,2026-03-02
272,Employee_272,Support,39477,2025-11-23
273,Employee_273,Sales,39362,2026-02-14
274,Employee_274,Sales,86336,2025-06-10
275,Employee_275,Sales,55800,2025-07-09
276,Employee_276,HR,116437,2025-08-02
277,Employee_277,HR,94170,2025-03-27
278,Employee_278,Sales,106261,2025-02-11
279,Employee_279,Support,51616,2026-02-11
280,Employee_280,Sales,76200,2025-09-12
281,Employee_281,Sales,102873,2025-10-27
282,Employee_282,HR,107396,2025-09-12
283,Employee_283,Support,64088,2025-02-28
284,Employee_284,HR,34335,2026-03-09
285,Employee_285,Sales,94494,2026-01-29
286,Employee_286,HR,117558,2025-06-05
287,Employee_287,HR,86315,2025-03-13
288,Employee_288,Sales,98002,2025-05-06
289,Employee_289,Support,89759,2025-12-02
290,Employee_290,Support,25613,2025-04-27
291,Employee_291,Finance,112426,2025-01-10
292,Employee_292,Sales,51397,2025-10-02
293,Employee_293,Sales,37227,2025-08-10
294,Employee_294,IT,58152,2026-01-04
295,Employee_295,IT,31732,2025-07-17
296,Employee_296,HR,99767,2025-09-03
297,Employee_297,IT,103886,2025-05-26
298,Employee_298,Finance,41405,2025-07-01
299,Employee_299,Sales,109292,2026-01-09
300,Employee_300,HR,113301,2025-09-02
301,Employee_301,IT,72739,2026-03-09
302,Employee_302,Finance,69437,2026-02-04
303,Employee_303,Support,27532,2026-01-05
304,Employee_304,HR,90960,2025-10-21
305,Employee_305,Support,104583,2025-12-28
306,Employee_306,HR,91547,2026-01-01
307,Employee_307,HR,85767,2026-01-03
308,Employee_308,Finance,70059,2025-11-10
309,Employee_309,Finance,52339,2025-05-24
310,Employee_310,IT,98087,2025-03-15
311,Employee_311,IT,68388,2025-11-24
312,Employee_312,IT,51206,2026-02-28
313,Employee_313,Finance,85654,2025-08-25
314,Employee_314,Support,55370,2025-12-10
315,Employee_315,Finance,73084,2025-01-10
316,Employee_316,IT,41810,2025-02-18
317,Employee_317,Support,42835,2025-08-09
318,Employee_318,HR,106156,2026-02-07
319,Employee_319,HR,53837,2025-09-01
320,Employee_320,HR,62781,2026-02-28
321,Employee_321,Support,76197,2025-02-27
322,Employee_322,Finance,106367,2025-02-10
323,Employee_323,Sales,38889,2025-09-10
324,Employee_324,IT,74757,2025-11-30
325,Employee_325,IT,102607,2025-08-07
326,Employee_326,HR,62088,2025-08-02
327,Employee_327,Support,112352,2026-04-19
328,Employee_328,Sales,111224,2026-02-06
329,Employee_329,Finance,48301,2026-01-22
330,Employee_330,Sales,106864,2025-08-30
331,Employee_331,IT,70458,2025-06-18
332,Employee_332,Finance,87651,2025-04-20
333,Employee_333,IT,61275,2025-01-28
334,Employee_334,Finance,77567,2025-11-03
335,Employee_335,Support,77119,2026-04-23
336,Employee_336,HR,81545,2025-12-19
337,Employee_337,HR,55955,2025-04-26
338,Employee_338,Support,119509,2026-01-30
339,Employee_339,Support,77516,2026-05-14
340,Employee_340,Support,100491,2026-01-08
341,Employee_341,Finance,113204,2025-07-19
342,Employee_342,IT,43895,2025-01-02
343,Employee_343,Support,92116,2025-07-24
344,Employee_344,Sales,81863,2025-09-05
345,Employee_345,IT,93629,2025-08-19
346,Employee_346,Sales,85611,2025-04-27
347,Employee_347,HR,115037,2025-10-07
348,Employee_348,IT,45481,2025-04-05
349,Employee_349,IT,52474,2025-06-04
350,Employee_350,HR,78521,2025-12-29
351,Employee_351,Support,51122,2025-11-18
352,Employee_352,HR,98839,2025-04-27
353,Employee_353,Finance,92858,2026-01-13
354,Employee_354,Finance,45231,2025-04-07
355,Employee_355,Support,83295,2026-05-08
356,Employee_356,Support,51466,2025-06-14
357,Employee_357,HR,97398,2025-04-07
358,Employee_358,HR,87045,2025-07-16
359,Employee_359,HR,50454,2025-01-26
360,Employee_360,Sales,59414,2025-06-09
361,Employee_361,Sales,102376,2025-07-04
362,Employee_362,HR,101701,2025-03-24
363,Employee_363,IT,107147,2026-05-05
364,Employee_364,Finance,38050,2025-05-26
365,Employee_365,Sales,113706,2026-01-30
366,Employee_366,HR,92203,2025-05-12
367,Employee_367,Sales,117203,2025-10-30
368,Employee_368,HR,91292,2026-04-29
369,Employee_369,IT,74249,2025-12-15
370,Employee_370,Sales,91697,2025-04-30
371,Employee_371,Support,69970,2025-09-04
372,Employee_372,HR,49605,2025-10-19
373,Employee_373,Sales,88053,2026-01-19
374,Employee_374,Support,35378,2025-03-18
375,Employee_375,Support,86051,2026-01-20
376,Employee_376,Finance,25138,2026-01-04
377,Employee_377,Sales,73325,2026-02-25
378,Employee_378,IT,112379,2026-01-17
379,Employee_379,IT,66952,2025-10-19
380,Employee_380,IT,62763,2025-02-27
381,Employee_381,Support,26481,2025-09-07
382,Employee_382,Support,113923,2025-02-06
383,Employee_383,Finance,102133,2026-05-04
384,Employee_384,Support,45399,2025-12-25
385,Employee_385,HR,93795,2026-03-09
386,Employee_386,Sales,108924,2025-06-07
387,Employee_387,Sales,109400,2025-12-26
388,Employee_388,HR,53195,2026-01-02
389,Employee_389,HR,33350,2025-04-08
390,Employee_390,IT,49134,2025-05-10
391,Employee_391,Sales,94266,2025-12-17
392,Employee_392,IT,97384,2025-04-20
393,Employee_393,IT,85034,2026-03-10
394,Employee_394,IT,74142,2025-04-30
395,Employee_395,IT,45338,2026-02-02
396,Employee_396,Support,74744,2025-03-26
397,Employee_397,Sales,36953,2025-04-25
398,Employee_398,HR,41791,2026-01-10
399,Employee_399,Sales,52837,2025-10-16
400,Employee_400,HR,64527,2026-03-29
401,Employee_401,IT,30530,2026-03-29
402,Employee_402,Support,53646,2025-02-19
403,Employee_403,Support,67851,2025-08-12
404,Employee_404,HR,85678,2026-01-31
405,Employee_405,Support,60518,2025-01-01
406,Employee_406,Support,97353,2025-06-21
407,Employee_407,IT,49818,2025-02-07
408,Employee_408,Support,73507,2025-12-28
409,Employee_409,Finance,67090,2026-02-26
410,Employee_410,Sales,28887,2025-05-21
411,Employee_411,Finance,34764,2025-02-19
412,Employee_412,Finance,90512,2026-03-02
413,Employee_413,HR,101731,2025-10-01
414,Employee_414,IT,90085,2026-01-01
415,Employee_415,IT,28322,2026-02-07
416,Employee_416,HR,29384,2025-03-20
417,Employee_417,HR,31828,2025-07-12
418,Employee_418,Support,82602,2026-02-07
419,Employee_419,Finance,31163,2025-03-28
420,Employee_420,Finance,38927,2025-12-15
421,Employee_421,IT,76334,2026-05-14
422,Employee_422,Sales,38273,2025-05-17
423,Employee_423,HR,98096,2025-06-06
424,Employee_424,IT,70356,2025-06-20
425,Employee_425,IT,119959,2026-03-31
426,Employee_426,HR,62054,2025-07-25
427,Employee_427,HR,50741,2025-03-28
428,Employee_428,Sales,114182,2025-05-24
429,Employee_429,Finance,74658,2025-04-02
430,Employee_430,Sales,40360,2025-04-27
431,Employee_431,Sales,69136,2025-02-09
432,Employee_432,Support,28446,2025-11-23
433,Employee_433,Sales,48053,2026-05-05
434,Employee_434,Sales,26899,2025-08-16
435,Employee_435,Finance,45736,2025-01-15
436,Employee_436,IT,66333,2025-06-26
437,Employee_437,IT,108536,2026-04-23
438,Employee_438,Support,116088,2025-06-25
439,Employee_439,Finance,37267,2025-09-14
440,Employee_440,IT,78051,2026-04-01
441,Employee_441,Finance,84294,2025-06-01
442,Employee_442,HR,98334,2025-09-10
443,Employee_443,IT,35169,2025-01-14
444,Employee_444,IT,59277,2025-07-28
445,Employee_445,Support,64199,2025-10-17
446,Employee_446,Finance,111551,2025-09-10
447,Employee_447,HR,84169,2026-04-03
448,Employee_448,HR,112339,2025-08-15
449,Employee_449,Finance,57214,2026-03-30
450,Employee_450,Finance,89821,2025-12-01
451,Employee_451,HR,75841,2025-06-21
452,Employee_452,Support,27183,2026-01-01
453,Employee_453,HR,27040,2026-01-19
454,Employee_454,Sales,45768,2025-06-28
455,Employee_455,Finance,95721,2025-07-17
456,Employee_456,IT,78625,2026-01-19
457,Employee_457,IT,41309,2025-05-10
458,Employee_458,Sales,51905,2025-12-11
459,Employee_459,HR,48044,2025-08-23
460,Employee_460,Support,86034,2025-11-19
461,Employee_461,Finance,42429,2025-03-12
462,Employee_462,IT,69366,2025-11-30
463,Employee_463,HR,57568,2025-12-28
464,Employee_464,IT,103854,2025-06-22
465,Employee_465,IT,51885,2026-04-25
466,Employee_466,IT,32161,2025-01-31
467,Employee_467,IT,58758,2025-11-30
468,Employee_468,Sales,61407,2025-01-01
469,Employee_469,Support,81492,2025-08-14
470,Employee_470,IT,70932,2025-09-17
471,Employee_471,IT,86173,2026-05-15
472,Employee_472,HR,80131,2025-01-22
473,Employee_473,HR,108738,2025-10-16
474,Employee_474,Support,71360,2025-09-10
475,Employee_475,Sales,51242,2025-07-28
476,Employee_476,Finance,96737,2025-04-10
477,Employee_477,Finance,111329,2025-03-15
478,Employee_478,Finance,93681,2025-03-15
479,Employee_479,HR,96683,2026-05-14
480,Employee_480,Sales,85594,2025-01-03
481,Employee_481,Finance,52349,2025-08-23
482,Employee_482,Support,119235,2026-03-05
483,Employee_483,Sales,72276,2025-05-05
484,Employee_484,Support,25179,2025-10-19
485,Employee_485,Support,94497,2025-12-09
486,Employee_486,IT,39450,2026-04-05
487,Employee_487,Support,109448,2025-05-29
488,Employee_488,Support,70771,2025-06-06
489,Employee_489,Support,32865,2025-09-27
490,Employee_490,HR,104436,2025-02-25
491,Employee_491,IT,51621,2026-03-08
492,Employee_492,Support,112303,2025-02-20
493,Employee_493,IT,86656,2026-01-14
494,Employee_494,Support,64713,2025-10-12
495,Employee_495,Support,59858,2025-06-06
496,Employee_496,Finance,40551,2025-11-09
497,Employee_497,Support,87864,2025-04-10
498,Employee_498,Support,79562,2026-03-08
499,Employee_499,Sales,73646,2025-08-22
500,Employee_500,Finance,107433,2025-10-21
501,Employee_501,Sales,106304,2026-02-06
502,Employee_502,Support,67257,2025-10-16
503,Employee_503,Sales,56251,2025-01-26
504,Employee_504,HR,43949,2026-03-02
505,Employee_505,IT,25782,2025-09-18
506,Employee_506,HR,58942,2025-06-04
507,Employee_507,Sales,105101,2025-01-10
508,Employee_508,HR,87157,2025-12-13
509,Employee_509,IT,37834,2025-02-20
510,Employee_510,Finance,77801,2025-06-25
511,Employee_511,Finance,33953,2026-04-25
512,Employee_512,Sales,46696,2025-04-08
513,Employee_513,Support,26808,2025-01-27
514,Employee_514,Support,57591,2025-02-03
515,Employee_515,Sales,47992,2025-04-30
516,Employee_516,IT,108772,2026-04-24
517,Employee_517,HR,63767,2026-03-18
518,Employee_518,Finance,26624,2026-03-07
519,Employee_519,IT,65262,2025-10-17
520,Employee_520,Support,89156,2025-01-13
521,Employee_521,Finance,38299,2026-02-16
522,Employee_522,Finance,57069,2025-03-20
523,Employee_523,Support,71076,2026-01-04
524,Employee_524,Finance,77393,2025-02-22
525,Employee_525,HR,44636,2025-10-10
526,Employee_526,Sales,88088,2025-07-20
527,Employee_527,Sales,66519,2025-01-28
528,Employee_528,HR,74718,2025-08-17
529,Employee_529,Support,58320,2025-07-14
530,Employee_530,Sales,85130,2025-04-14
531,Employee_531,Support,87123,2025-11-20
532,Employee_532,IT,113579,2025-02-01
533,Employee_533,HR,55357,2025-04-08
534,Employee_534,Finance,99328,2026-01-04
535,Employee_535,IT,48390,2025-05-29
536,Employee_536,Support,50831,2026-03-16
537,Employee_537,Finance,37374,2025-08-16
538,Employee_538,Support,34353,2025-11-21
539,Employee_539,Sales,77942,2026-03-29
540,Employee_540,Support,39228,2025-07-22
541,Employee_541,Sales,102326,2026-01-25
542,Employee_542,Finance,75903,2025-05-28
543,Employee_543,Finance,63811,2025-01-15
544,Employee_544,Finance,34060,2026-03-26
545,Employee_545,Finance,57029,2025-04-21
546,Employee_546,IT,62844,2026-05-07
547,Employee_547,IT,106143,2025-05-12
548,Employee_548,IT,38567,2025-05-03
549,Employee_549,HR,41461,2025-12-30
550,Employee_550,Finance,110431,2026-04-13
551,Employee_551,Finance,95474,2025-07-01
552,Employee_552,Support,108635,2025-12-08
553,Employee_553,HR,110363,2025-04-29
554,Employee_554,IT,63425,2025-06-10
555,Employee_555,IT,75884,2025-05-08
556,Employee_556,Sales,97463,2025-06-11
557,Employee_557,IT,38583,2026-02-07
558,Employee_558,HR,35520,2025-02-20
559,Employee_559,IT,61697,2025-06-04
560,Employee_560,Sales,79464,2025-07-29
561,Employee_561,Support,90527,2025-03-10
562,Employee_562,Support,90643,2025-06-20
563,Employee_563,IT,111030,2026-04-06
564,Employee_564,HR,93975,2025-01-01
565,Employee_565,IT,117828,2025-02-03
566,Employee_566,Support,97240,2026-04-08
567,Employee_567,HR,87245,2025-11-03
568,Employee_568,IT,91848,2025-12-23
569,Employee_569,IT,114007,2025-02-09
570,Employee_570,Finance,97008,2026-01-27
571,Employee_571,IT,32472,2025-01-19
572,Employee_572,Support,98409,2025-06-27
573,Employee_573,IT,58815,2025-04-11
574,Employee_574,Support,53428,2025-12-23
575,Employee_575,Support,113879,2026-02-23
576,Employee_576,Finance,85240,2026-01-12
577,Employee_577,IT,43556,2026-04-24
578,Employee_578,IT,119191,2025-11-08
579,Employee_579,HR,56827,2026-02-26
580,Employee_580,IT,70798,2025-03-21
581,Employee_581,Support,79035,2026-01-24
582,Employee_582,IT,59008,2025-05-16
583,Employee_583,Support,112634,2025-03-02
584,Employee_584,IT,63919,2025-11-04
585,Employee_585,HR,114594,2025-06-12
586,Employee_586,IT,105117,2025-02-28
587,Employee_587,Sales,44975,2026-01-01
588,Employee_588,HR,66120,2026-01-10
589,Employee_589,Support,38611,2025-08-09
590,Employee_590,Sales,50022,2025-09-14
591,Employee_591,IT,101617,2025-07-09
592,Employee_592,Support,62423,2025-06-28
593,Employee_593,IT,104277,2025-06-05
594,Employee_594,Sales,31585,2026-04-18
595,Employee_595,HR,100575,2025-05-25
596,Employee_596,Finance,53101,2025-03-10
597,Employee_597,Sales,25929,2025-08-25
598,Employee_598,Support,43189,2026-04-19
599,Employee_599,Finance,69470,2025-09-24
600,Employee_600,Support,39210,2025-10-09
601,Employee_601,Support,76277,2025-08-06
602,Employee_602,Support,88682,2025-10-09
603,Employee_603,Finance,70671,2025-03-14
604,Employee_604,Support,72371,2025-03-09
605,Employee_605,HR,110985,2025-04-16
606,Employee_606,Finance,114742,2026-05-03
607,Employee_607,Sales,37412,2026-03-25
608,Employee_608,Finance,83047,2025-03-08
609,Employee_609,Finance,31986,2025-03-16
610,Employee_610,HR,71180,2025-04-21
611,Employee_611,HR,79728,2025-03-21
612,Employee_612,Sales,60033,2025-05-12
613,Employee_613,Sales,46306,2026-05-06
614,Employee_614,Support,99327,2025-07-13
615,Employee_615,Sales,53720,2025-07-28
616,Employee_616,IT,42894,2025-03-04
617,Employee_617,Support,35085,2025-04-03
618,Employee_618,Support,61099,2025-08-14
619,Employee_619,Sales,38569,2025-06-01
620,Employee_620,Sales,59595,2025-03-17
621,Employee_621,IT,28462,2025-03-03
622,Employee_622,IT,118726,2025-06-10
623,Employee_623,Support,93356,2025-12-04
624,Employee_624,Finance,49267,2025-07-20
625,Employee_625,Finance,44122,2025-11-12
626,Employee_626,HR,87365,2026-01-14
627,Employee_627,Finance,102158,2025-04-12
628,Employee_628,Sales,108284,2025-04-15
629,Employee_629,Sales,73637,2026-01-11
630,Employee_630,Finance,34154,2025-10-27
631,Employee_631,Finance,59073,2025-06-03
632,Employee_632,IT,50511,2025-09-27
633,Employee_633,HR,34754,2026-03-28
634,Employee_634,Finance,46857,2025-10-02
635,Employee_635,HR,66084,2025-05-02
636,Employee_636,Sales,91688,2025-05-01
637,Employee_637,IT,70854,2026-03-20
638,Employee_638,Finance,45622,2025-03-03
639,Employee_639,HR,48290,2026-03-20
640,Employee_640,Sales,49521,2026-02-03
641,Employee_641,Sales,36903,2025-03-08
642,Employee_642,Support,113873,2025-06-03
643,Employee_643,HR,92661,2026-03-31
644,Employee_644,Sales,43839,2026-04-06
645,Employee_645,Sales,71281,2025-01-10
646,Employee_646,Finance,29543,2025-10-01
647,Employee_647,Support,86311,2026-01-30
648,Employee_648,Finance,73333,2026-01-14
649,Employee_649,Support,36088,2025-03-23
650,Employee_650,HR,70249,2026-05-03
651,Employee_651,Support,115978,2025-01-31
652,Employee_652,Sales,42287,2025-03-11
653,Employee_653,Support,60485,2026-04-27
654,Employee_654,Sales,81751,2025-11-23
655,Employee_655,Finance,112287,2025-12-28
656,Employee_656,Sales,47910,2025-04-09
657,Employee_657,Support,75950,2025-04-14
658,Employee_658,Support,101686,2025-05-07
659,Employee_659,Support,90799,2026-05-10
660,Employee_660,Sales,51141,2025-09-21
661,Employee_661,Support,85354,2026-03-06
662,Employee_662,Support,34808,2025-07-22
663,Employee_663,Finance,33796,2025-04-12
664,Employee_664,Finance,35933,2026-05-07
665,Employee_665,Sales,32503,2026-04-12
666,Employee_666,IT,47916,2025-03-08
667,Employee_667,Finance,110697,2025-11-04
668,Employee_668,Finance,75138,2026-04-18
669,Employee_669,IT,90235,2025-12-02
670,Employee_670,IT,48491,2025-12-22
671,Employee_671,Finance,85835,2025-02-03
672,Employee_672,IT,62299,2025-02-20
673,Employee_673,Support,56777,2025-05-09
674,Employee_674,Sales,53035,2025-02-08
675,Employee_675,Sales,70026,2025-08-07
676,Employee_676,HR,25564,2025-08-15
677,Employee_677,Finance,61297,2026-02-10
678,Employee_678,Support,68935,2026-03-27
679,Employee_679,Finance,94613,2025-10-30
680,Employee_680,Sales,36630,2026-01-01
681,Employee_681,Sales,100757,2025-12-26
682,Employee_682,Sales,50812,2026-05-10
683,Employee_683,Sales,29278,2025-10-18
684,Employee_684,HR,79905,2025-10-23
685,Employee_685,IT,28807,2026-02-26
686,Employee_686,Support,56007,2025-07-15
687,Employee_687,IT,90141,2026-03-29
688,Employee_688,HR,106245,2025-07-21
689,Employee_689,Support,55876,2025-08-27
690,Employee_690,Finance,74847,2025-11-08
691,Employee_691,HR,74766,2025-10-02
692,Employee_692,IT,39450,2025-04-15
693,Employee_693,HR,83715,2025-02-25
694,Employee_694,Support,79496,2026-03-20
695,Employee_695,Support,85589,2025-09-13
696,Employee_696,Sales,76095,2025-02-08
697,Employee_697,IT,54362,2025-05-27
698,Employee_698,IT,62530,2025-09-29
699,Employee_699,HR,31373,2026-05-11
700,Employee_700,HR,80018,2026-04-05
701,Employee_701,Finance,73478,2025-08-06
702,Employee_702,Sales,48614,2025-01-05
703,Employee_703,Sales,37448,2026-05-08
704,Employee_704,HR,71604,2025-03-06
705,Employee_705,Sales,44940,2025-05-19
706,Employee_706,Support,52399,2025-05-10
707,Employee_707,IT,71763,2025-08-07
708,Employee_708,Support,119151,2025-04-27
709,Employee_709,HR,44441,2025-11-14
710,Employee_710,Sales,99806,2025-07-24
711,Employee_711,Finance,49412,2025-04-19
712,Employee_712,Sales,93748,2025-05-19
713,Employee_713,IT,71930,2025-01-25
714,Employee_714,Finance,116356,2025-08-11
715,Employee_715,Finance,85415,2025-02-20
716,Employee_716,Support,83859,2025-05-09
717,Employee_717,Sales,53009,2025-11-30
718,Employee_718,HR,103081,2025-12-30
719,Employee_719,Finance,39358,2025-05-13
720,Employee_720,IT,77201,2025-10-18
721,Employee_721,Support,43922,2025-09-05
722,Employee_722,Sales,78754,2025-08-02
723,Employee_723,Finance,53255,2025-02-26
724,Employee_724,Support,38878,2025-01-16
725,Employee_725,HR,68464,2025-05-14
726,Employee_726,HR,111586,2025-04-14
727,Employee_727,IT,31148,2025-07-24
728,Employee_728,Sales,34687,2025-10-28
729,Employee_729,IT,48573,2025-02-17
730,Employee_730,Support,34792,2025-03-21
731,Employee_731,Support,69500,2025-11-19
732,Employee_732,HR,62664,2026-04-19
733,Employee_733,HR,75455,2025-07-24
734,Employee_734,Support,67463,2025-06-26
735,Employee_735,IT,99574,2025-03-03
736,Employee_736,HR,109976,2025-06-30
737,Employee_737,HR,61831,2026-03-03
738,Employee_738,IT,103018,2026-03-12
739,Employee_739,Finance,61830,2025-01-17
740,Employee_740,Support,81080,2026-01-30
741,Employee_741,Sales,25856,2025-03-27
742,Employee_742,Sales,89010,2025-02-03
743,Employee_743,Finance,72996,2026-04-02
744,Employee_744,Support,45795,2025-03-19
745,Employee_745,Finance,91589,2026-01-12
746,Employee_746,HR,36722,2026-03-24
747,Employee_747,Finance,66831,2026-02-07
748,Employee_748,Finance,105112,2025-10-14
749,Employee_749,Sales,117742,2025-01-29
750,Employee_750,IT,37433,2025-10-04
751,Employee_751,Support,60140,2026-05-15
752,Employee_752,Sales,33023,2025-11-23
753,Employee_753,Sales,69336,2025-01-07
754,Employee_754,Support,29345,2025-08-14
755,Employee_755,Sales,110955,2025-01-16
756,Employee_756,Support,28870,2026-03-13
757,Employee_757,Support,34357,2025-08-09
758,Employee_758,Support,49267,2025-02-19
759,Employee_759,Support,28167,2025-12-31
760,Employee_760,Support,82586,2025-02-05
761,Employee_761,Finance,113803,2025-09-08
762,Employee_762,HR,114812,2025-05-14
763,Employee_763,Sales,96462,2025-10-18
764,Employee_764,Sales,60087,2025-10-19
765,Employee_765,Finance,70210,2026-02-21
766,Employee_766,Support,72305,2025-12-21
767,Employee_767,IT,43412,2025-03-16
768,Employee_768,Finance,37935,2025-06-20
769,Employee_769,Support,43396,2025-04-14
770,Employee_770,HR,55518,2025-11-24
771,Employee_771,Sales,115988,2026-02-22
772,Employee_772,Support,80806,2025-05-05
773,Employee_773,IT,84282,2025-07-31
774,Employee_774,IT,56014,2025-08-21
775,Employee_775,Finance,70404,2026-03-28
776,Employee_776,IT,68389,2025-05-20
777,Employee_777,Finance,56615,2025-08-11
778,Employee_778,Sales,93776,2025-03-26
779,Employee_779,Sales,76713,2025-06-09
780,Employee_780,Sales,62991,2026-03-31
781,Employee_781,Sales,96226,2025-02-02
782,Employee_782,Sales,97745,2025-07-29
783,Employee_783,HR,100560,2025-12-31
784,Employee_784,Finance,70986,2025-04-01
785,Employee_785,Finance,93797,2025-07-20
786,Employee_786,Sales,38973,2025-10-15
787,Employee_787,Sales,65882,2025-06-19
788,Employee_788,HR,99536,2025-06-20
789,Employee_789,Sales,93694,2025-11-13
790,Employee_790,IT,34278,2025-09-24
791,Employee_791,Support,34758,2025-09-08
792,Employee_792,Finance,81637,2025-02-09
793,Employee_793,Support,52409,2025-06-08
794,Employee_794,HR,59741,2025-07-15
795,Employee_795,IT,61360,2025-02-27
796,Employee_796,HR,81362,2026-02-22
797,Employee_797,Finance,55626,2026-04-15
798,Employee_798,IT,90737,2025-02-14
799,Employee_799,IT,115491,2025-06-05
800,Employee_800,Finance,78547,2025-11-14
801,Employee_801,HR,66817,2025-07-06
802,Employee_802,Finance,40180,2026-02-08
803,Employee_803,Finance,113924,2025-01-24
804,Employee_804,Support,107985,2026-01-26
805,Employee_805,HR,88366,2025-12-23
806,Employee_806,HR,107043,2025-10-16
807,Employee_807,IT,42766,2025-12-29
808,Employee_808,Sales,61748,2025-06-24
809,Employee_809,Support,37388,2025-08-28
810,Employee_810,Sales,117598,2025-01-26
811,Employee_811,IT,46022,2026-04-24
812,Employee_812,Finance,113253,2025-02-10
813,Employee_813,Finance,115923,2025-02-05
814,Employee_814,HR,35189,2026-03-03
815,Employee_815,HR,70681,2026-01-11
816,Employee_816,Finance,86086,2026-04-26
817,Employee_817,Finance,52192,2025-03-24
818,Employee_818,HR,28227,2025-12-09
819,Employee_819,Support,119034,2025-01-11
820,Employee_820,Finance,100507,2025-03-01
821,Employee_821,Sales,111696,2025-03-16
822,Employee_822,IT,116747,2026-03-22
823,Employee_823,Finance,45792,2026-04-04
824,Employee_824,Sales,98709,2026-03-20
825,Employee_825,Sales,118086,2026-01-21
826,Employee_826,Support,103874,2025-12-05
827,Employee_827,Finance,115133,2025-10-02
828,Employee_828,Support,33065,2025-01-19
829,Employee_829,HR,28609,2025-12-02
830,Employee_830,HR,93159,2025-12-21
831,Employee_831,IT,93649,2026-03-02
832,Employee_832,Support,32652,2025-06-25
833,Employee_833,Finance,27248,2025-02-25
834,Employee_834,Support,85854,2025-03-06
835,Employee_835,HR,75813,2025-06-10
836,Employee_836,IT,30140,2026-01-23
837,Employee_837,Sales,59978,2025-07-13
838,Employee_838,Sales,68951,2025-06-28
839,Employee_839,HR,49465,2026-05-15
840,Employee_840,Sales,26518,2025-03-30
841,Employee_841,IT,84903,2025-07-16
842,Employee_842,Finance,103891,2025-05-11
843,Employee_843,Finance,106851,2026-01-22
844,Employee_844,IT,66943,2025-05-28
845,Employee_845,Support,59592,2026-03-30
846,Employee_846,Finance,101902,2025-04-27
847,Employee_847,Support,101134,2025-04-21
848,Employee_848,Finance,30949,2025-11-30
849,Employee_849,HR,107716,2025-04-01
850,Employee_850,IT,88099,2025-07-18
851,Employee_851,Sales,97326,2025-09-12
852,Employee_852,HR,112033,2025-11-02
853,Employee_853,Sales,60744,2025-02-27
854,Employee_854,HR,102562,2025-09-05
855,Employee_855,HR,105537,2025-03-17
856,Employee_856,HR,84850,2025-10-31
857,Employee_857,Support,59258,2026-02-09
858,Employee_858,Sales,35109,2026-03-20
859,Employee_859,IT,41811,2025-08-07
860,Employee_860,Support,28255,2025-10-05
861,Employee_861,Support,88539,2025-05-05
862,Employee_862,Support,37221,2026-04-01
863,Employee_863,IT,82774,2025-12-23
864,Employee_864,IT,42967,2025-09-17
865,Employee_865,HR,77403,2025-03-17
866,Employee_866,HR,115511,2025-11-11
867,Employee_867,Support,84218,2026-04-12
868,Employee_868,Finance,83053,2025-10-25
869,Employee_869,Sales,118658,2025-07-10
870,Employee_870,HR,114819,2025-09-22
871,Employee_871,Support,40276,2025-04-25
872,Employee_872,HR,103132,2026-01-13
873,Employee_873,Finance,110047,2026-02-09
874,Employee_874,HR,106908,2025-05-24
875,Employee_875,IT,55392,2025-10-09
876,Employee_876,Sales,74284,2025-01-02
877,Employee_877,HR,79912,2026-03-13
878,Employee_878,Support,51082,2025-10-13
879,Employee_879,Sales,82277,2025-10-10
880,Employee_880,Finance,56315,2025-05-14
881,Employee_881,Support,53698,2025-06-19
882,Employee_882,Finance,40140,2025-01-20
883,Employee_883,IT,119765,2026-02-27
884,Employee_884,Finance,105254,2025-05-25
885,Employee_885,Support,113901,2026-05-05
886,Employee_886,Support,100708,2025-10-11
887,Employee_887,Support,38678,2025-07-29
888,Employee_888,HR,69694,2025-05-18
889,Employee_889,Support,86087,2025-02-07
890,Employee_890,IT,119144,2026-03-03
891,Employee_891,IT,67272,2025-02-06
892,Employee_892,IT,117881,2025-06-03
893,Employee_893,Finance,28776,2025-08-25
894,Employee_894,Support,71906,2026-03-19
895,Employee_895,HR,38368,2025-07-17
896,Employee_896,Finance,32330,2026-04-02
897,Employee_897,IT,47666,2026-04-27
898,Employee_898,Sales,32864,2025-10-24
899,Employee_899,IT,99464,2025-04-27
900,Employee_900,HR,27274,2025-11-19
901,Employee_901,IT,30051,2026-01-06
902,Employee_902,HR,50324,2025-11-28
903,Employee_903,Finance,38702,2025-12-26
904,Employee_904,Finance,76276,2025-11-02
905,Employee_905,Sales,62984,2025-11-07
906,Employee_906,HR,54554,2025-04-11
907,Employee_907,Support,37146,2025-07-05
908,Employee_908,Finance,116710,2025-08-15
909,Employee_909,Support,117229,2025-04-29
910,Employee_910,HR,97329,2025-06-09
911,Employee_911,Support,71335,2026-04-30
912,Employee_912,Sales,63278,2025-03-03
913,Employee_913,Support,73052,2025-05-01
914,Employee_914,IT,74937,2025-11-15
915,Employee_915,Sales,63496,2025-11-24
916,Employee_916,HR,74831,2025-04-03
917,Employee_917,Sales,57882,2025-02-07
918,Employee_918,Finance,54962,2025-01-05
919,Employee_919,HR,106733,2025-12-23
920,Employee_920,Support,99002,2025-02-08
921,Employee_921,Finance,53920,2025-05-23
922,Employee_922,Finance,70190,2025-08-21
923,Employee_923,IT,42239,2025-11-05
924,Employee_924,Finance,60340,2026-05-07
925,Employee_925,Sales,90427,2025-11-25
926,Employee_926,HR,117206,2025-05-10
927,Employee_927,IT,59407,2025-04-24
928,Employee_928,IT,107529,2025-01-10
929,Employee_929,Support,30112,2025-08-27
930,Employee_930,HR,65496,2025-11-11
931,Employee_931,Finance,109789,2025-07-24
932,Employee_932,Finance,34942,2025-11-16
933,Employee_933,Sales,27138,2025-11-03
934,Employee_934,Sales,112568,2025-03-04
935,Employee_935,Finance,68627,2025-08-24
936,Employee_936,Support,40413,2025-06-11
937,Employee_937,Support,99854,2026-02-01
938,Employee_938,Finance,88158,2025-05-18
939,Employee_939,Support,59946,2025-04-23
940,Employee_940,IT,76492,2025-12-02
941,Employee_941,Finance,96165,2025-05-25
942,Employee_942,Support,77126,2026-04-28
943,Employee_943,IT,81082,2026-03-31
944,Employee_944,Support,114927,2025-05-07
945,Employee_945,HR,46518,2025-06-27
946,Employee_946,Finance,41971,2025-05-31
947,Employee_947,IT,83611,2025-10-07
948,Employee_948,IT,119205,2025-09-24
949,Employee_949,IT,115718,2026-01-06
950,Employee_950,Sales,107647,2025-11-05
951,Employee_951,HR,81413,2025-05-13
952,Employee_952,Support,51177,2025-06-24
953,Employee_953,IT,38807,2025-08-19
954,Employee_954,HR,62573,2025-01-25
955,Employee_955,Support,52269,2025-12-29
956,Employee_956,Finance,89387,2026-03-23
957,Employee_957,Support,50604,2025-04-26
958,Employee_958,Sales,100561,2025-06-26
959,Employee_959,Sales,82315,2025-07-04
960,Employee_960,HR,112047,2025-05-30
961,Employee_961,Finance,79865,2026-04-20
962,Employee_962,HR,99909,2025-11-08
963,Employee_963,Finance,72490,2025-02-16
964,Employee_964,Finance,107487,2025-04-17
965,Employee_965,HR,115615,2025-04-17
966,Employee_966,IT,58090,2025-07-31
967,Employee_967,HR,100426,2025-06-24
968,Employee_968,IT,79955,2025-12-18
969,Employee_969,Sales,103648,2025-01-01
970,Employee_970,IT,28081,2025-11-11
971,Employee_971,HR,115986,2025-03-24
972,Employee_972,HR,82664,2026-05-14
973,Employee_973,Sales,108790,2026-03-18
974,Employee_974,Finance,74727,2025-05-15
975,Employee_975,Sales,55840,2025-12-19
976,Employee_976,IT,101454,2025-12-29
977,Employee_977,Support,29217,2025-04-05
978,Employee_978,HR,49550,2025-12-19
979,Employee_979,Sales,27601,2025-08-26
980,Employee_980,Finance,65300,2025-12-04
981,Employee_981,Sales,112293,2026-02-08
982,Employee_982,Support,51803,2026-02-16
983,Employee_983,Finance,40710,2025-11-30
984,Employee_984,Support,114135,2025-03-10
985,Employee_985,IT,85036,2025-01-19
986,Employee_986,IT,119710,2026-01-13
987,Employee_987,Sales,62796,2025-08-14
988,Employee_988,Finance,34078,2025-01-05
989,Employee_989,IT,25603,2025-03-16
990,Employee_990,IT,87307,2026-04-23
991,Employee_991,HR,36009,2026-01-17
992,Employee_992,Finance,112059,2025-12-25
993,Employee_993,HR,90111,2025-02-14
994,Employee_994,Sales,59426,2025-04-27
995,Employee_995,IT,46535,2025-06-02
996,Employee_996,IT,80946,2026-04-04
997,Employee_997,IT,53029,2025-04-29
998,Employee_998,IT,84271,2026-01-31
999,Employee_999,Support,57134,2025-01-16
1000,Employee_1000,Support,88398,2025-05-30
